{"products":[{"id":"0.4626150130836122","qty":7}],"totalPrice":22.400000000000006}